species,prop_suitable,salinity,watertemp,turbidity,airtemp
blue crab,1,-1.8901581632835638,-1.2446101122373303,-1.0675015362442601,-1.4486891354078772
white shrimp,0,-2.3381833075010494,-1.8334631931307326,-1.496441863417712,-1.944369964397601
brown shrimp,0,-1.7382601529083515,-2.2403585923495344,-1.0337943277841584,-2.4324355650562564
